id_video;data_postagem;operation
CVX45RKO6hE;2019-01-04 18:53:42;1
JNWJtv-3y1Q;2019-01-04 21:47:15;2
mlYK4I-zy4U;2019-01-02 20:46:48;3
tLCkPKCBeL8;2019-01-03 18:37:01;4
kfTtCJXHC0c;2019-01-11 13:00:05;5
cnOz3T8589k;2019-01-10 19:57:24;6
lXyR55hyQH8;2019-01-11 19:17:36;7
z0XDR_GeoP4;2019-01-15 18:38:07;8
ruDjb15CZMc;2019-01-14 18:36:11;9
aTUj5eo_eG8;2019-01-18 13:26:39;10
vvj2LL4p60Q;2019-01-23 17:57:32;11
URV9tG3flKg;2019-01-25 13:53:09;12
JhMZkqJs2Ck;2019-02-05 18:24:25;13
ff88t2TD8Nw;2019-02-08 18:23:12;14
TBObJlQz928;2019-02-11 12:34:24;15
EO3LLYVfr_I;2019-02-09 20:57:13;15
vhLIYjyV2aU;2019-02-07 14:50:54;16
Fj6j53uSMhg;2019-02-14 13:39:03;17
3jdN-Tj6UWg;2019-02-26 13:12:46;18
dCUti_RZU5g;2019-02-28 17:21:07;19
wOo-SAHTmj0;2019-03-09 01:36:11;20
L1hIglLbE_8;2019-03-04 16:41:58;21
6ExfkT7-DCg;2019-03-12 18:31:31;22
Z8Sr_gvFti4;2019-03-20 17:10:26;23
jkSK5PLU9x0;2019-03-18 11:24:14;24
8mlWd73nDMo;2019-03-18 15:40:47;24
-T_DSLmDHXM;2019-03-29 20:34:03;25
foA_NLbVyvs;2019-04-05 14:20:25;26
Suvz_MpNp6Y;2019-04-17 17:43:12;26
LsSZWxpXWz4;2019-04-04 22:08:56;27
DWnFqXXmRjI;2019-04-12 14:26:48;28
n-kj2Ep7uCU;2019-04-10 12:56:10;29
pSWedH0iumY;2019-04-17 15:51:58;30
1vZJJ7j7nJo;2019-04-25 01:41:18;31
S1VjLNaUWjY;2019-04-25 19:47:28;32
OjQ_D4R80HE;2019-04-30 22:47:38;33
now5kE7xaa0;2019-05-04 01:32:47;34
Hp_SEWwqyAA;2019-05-02 17:35:13;35
HnDDmCNFrZ0;2019-05-04 22:15:38;36
lm5P4uzz-1Q;2019-04-30 12:25:26;37
lmUoQyRDmR4;2019-05-07 18:43:51;38
nNv1ShUR9AU;2019-05-06 22:33:48;38
Ba9Bs7yRNxE;2019-05-06 17:55:36;39
ON8VNZTgY2E;2019-05-07 21:44:58;40
kGAotgqYegw;2019-05-08 00:57:07;41
hBRNPjopRV0;2019-05-22 11:25:51;42
BUKFDYr6iEk;2019-05-24 17:38:06;43
1HkDubSsFG8;2019-05-24 17:49:36;44
VTFbi-Fp_K4;2019-05-27 18:11:42;45
wnNVbz-1QNM;2019-05-29 14:58:56;46
S-FqWg4bFA4;2019-05-31 15:01:38;47
mgKB0BEOhyU;2019-05-31 14:19:34;48
H-5BZHCVgcg;2019-06-01 00:11:47;49
DCwpIIp0tLY;2019-06-06 14:23:26;50
0TbW9D2_nGc;2019-06-05 18:15:01;51
VEJ2cA2-T6s;2019-06-06 22:05:28;52
V-jy8ZzBckA;2019-06-06 18:27:08;53
yUafVeBTK-w;2019-06-05 18:37:16;54
LkOMkVQGMkk;2019-06-18 20:24:49;55
FtRrjTswqDs;2019-06-21 17:55:51;56
21jcasyxgo0;2019-06-23 02:15:00;57
0kyH6iUhqqA;2019-06-22 13:17:29;58
ecXx5dFr8Js;2019-06-28 20:04:09;59
YiIMSyhoGHA;2019-06-29 21:59:33;60
7JW2wiU6RR0;2019-06-28 09:53:56;61
kvvvr7O_yYE;2019-06-28 00:57:36;62
HxSLmUc9PvY;2019-06-25 13:24:18;63
AczBpOpUDW0;2019-07-04 16:03:24;64
GWDDAXCiNK0;2019-07-03 12:57:14;65
m8FSV2f_Oc4;2019-07-02 15:32:20;66
GuBTmTn3c8E;2019-07-02 13:47:18;66
ih8fbspSVks;2019-07-10 11:11:55;67
0qp2dU9LfNs;2019-07-11 14:19:31;68
5Dl83uqXd3Y;2019-07-17 01:13:58;69
SW2ZARzet4M;2019-07-16 22:58:45;69
PEXBgHdScFM;2019-07-16 20:36:54;69
BSq--odW71Y;2019-07-20 21:01:30;70
6smBvKww8nI;2019-07-26 15:48:15;71
Kp1lguTWGmc;2019-07-23 01:06:15;72
BAsiJeX-RQs;2019-07-24 17:58:56;73
WbiKeceuUTU;2019-08-01 19:33:32;74
4iOY4o8hdik;2019-07-31 13:54:02;75
m-JdW2TN9-4;2019-08-09 03:41:54;76
8hUGOQUgkOo;2019-08-07 14:36:29;77
H6u3tP-QIQc;2019-08-09 00:28:35;78
zpiiaIP3npU;2019-08-15 03:33:36;79
69F6Y9ln_EE;2019-08-16 13:54:46;80
2mzsnEVaBbE;2019-08-16 18:33:23;80
6FatiRMrsfs;2019-08-21 14:53:36;81
YfMoCWgglXQ;2019-08-15 13:52:37;81
GRiFJgbsK9A;2019-08-15 12:16:58;82
ueq5x6ZSCJQ;2019-08-22 18:11:30;82
GZBzLlsborQ;2019-09-02 13:23:08;83
nc_QITxLpjc;2019-09-06 17:13:36;83
FMv6N0biNLI;2019-08-30 17:19:34;83
4APvzwmeG8M;2019-08-30 18:16:41;83
wUe2KLlqUew;2019-08-27 14:05:12;84
RqvLE3e2OEA;2019-08-26 13:50:15;85
yfL76Q24ugg;2019-08-30 22:35:04;86
KoNUQCoktio;2019-09-04 13:12:32;87
n1eMosQZ94Y;2019-09-09 22:58:25;88
U4i5XuazLFo;2019-09-18 14:09:30;89
tUp41tK57gA;2019-09-17 00:54:00;90
GntUXnIMaGg;2019-09-20 18:56:10;91
_gAa3V7fQeE;2019-09-22 01:45:00;92
J7rK7MnLGjY;2019-09-27 13:58:33;93
oYxeRW6RcZs;2019-09-23 08:57:49;94
TBHVOyy0FLM;2019-10-04 22:42:53;95
2V5gWelBrFY;2019-10-04 13:17:15;96
xiCAyinhfr0;2019-10-01 22:00:04;97
V6ZzgcqbCWk;2019-10-03 11:40:31;98
F2UzoVhgVio;2019-10-04 16:40:50;99
08WCd4ouFX4;2019-10-10 18:56:41;100
sz3jJQWsfgU;2019-10-11 03:23:48;101
5IvJKA1-ft8;2019-10-08 16:36:26;102
-JfEtimnQnE;2019-10-09 00:21:02;103
JAOMkcjxQ8o;2019-10-17 19:05:57;104
L49BespQqxM;2019-10-16 12:56:18;105
URYqp7vBWuE;2019-10-23 03:20:03;106
FlwlunOGxQA;2019-10-21 19:30:48;107
e7zWzE19cYg;2019-10-24 18:44:02;108
Bu5be7stHY0;2019-10-24 20:36:49;109
rmhzKVf0eI0;2019-11-01 19:17:57;110
VfrqsYKaZp0;2019-11-03 02:30:01;111
221xTN7LNDc;2019-10-30 13:17:52;112
v4NwmSdaNn0;2019-11-02 22:20:44;113
9VQyYWYARgM;2019-11-07 11:26:27;114
FyqZsiHsMDk;2019-11-09 22:53:07;115
2wkLYYOWzMM;2019-11-10 14:05:57;116
Wup5uU-hY7s;2019-11-04 19:20:34;117
Gz-C0LsC_uA;2019-11-09 19:44:43;118
wPGkluJIRgg;2019-11-14 20:38:53;119
T-rgYWw9Dkg;2019-11-12 10:48:38;120
clLNvKW2VLA;2019-11-12 04:35:56;121
2cFOXjuyDSs;2019-11-12 01:04:42;122
BuSgc1N9Qzk;2019-11-18 13:03:32;123
HB9wILNhz7w;2019-11-24 02:08:29;124
nb3CSLkLnoY;2019-11-23 19:28:02;125
mBdgmeJpBtk;2019-11-21 11:17:55;126
q-q6g_IN1H4;2019-11-19 10:00:56;127
r08reidqIjM;2019-11-26 19:12:34;128
vdu7L3ac7KI;2019-11-25 16:56:25;129
GTlIKzv9yfE;2019-11-27 02:41:26;130
SEbfOnCQgQE;2019-11-26 20:47:39;131
SYsNjFA3yuA;2019-11-26 10:49:43;132
osSDxOb-PGM;2019-12-02 23:16:11;133
GHkM7Tm6TDM;2020-07-07 15:24:16;134
uwvT9sQaQ_U;2019-12-02 06:41:26;134
a1r_vvz6QTA;2019-12-04 21:19:47;134
HsfT_s1Z680;2019-12-10 11:01:40;134
7Ad4oiWtPQY;2020-01-17 01:44:23;134
mlDvOx8mVsY;2020-01-02 01:24:07;134
guv_TAlS67A;2019-12-02 17:06:10;135
6Go760OA1Ig;2019-12-06 02:59:58;136
fdYVw0UrPqU;2019-12-12 17:44:01;137
J0DTEmXlEXc;2019-12-09 14:41:16;138
VqSJCGZPtOs;2019-12-16 22:00:51;139
ezmCokSn7r0;2019-12-18 13:59:49;140
B92bqIDlkM8;2019-12-24 23:13:31;141
TVjx1xsCFTo;2019-12-27 22:14:46;142
ePSkUbHmtCY;2019-12-26 20:00:05;143
VLlpctCVx4Q;2020-01-02 12:05:29;144
YAcLqFc3U2U;2020-01-02 17:32:33;145
6DPCgIlQARM;2020-01-04 01:08:54;146
dgTGVlLJgks;2020-01-05 23:39:54;147
el-p5MLfzrM;2020-01-08 15:16:03;148
cqM7wn8clNI;2020-01-06 18:52:11;149
jNxuaBQqd2c;2020-01-06 17:41:38;150
725VrXK3ml8;2020-01-09 15:01:14;151
3i1RgCc90Lg;2020-01-09 13:00:00;152
66vysW-dKZc;2020-01-16 02:48:44;153
ItO2ozZnKEc;2020-01-17 02:22:24;154
4DfCMKCGRdE;2020-01-13 18:10:16;155
5Os9yDcyEy4;2020-01-13 21:20:27;156
-QRe0GaYpO0;2020-01-22 19:57:52;157
JRMy-lwq3Kc;2020-01-21 20:41:14;158
x1gxF5zBgMI;2020-01-23 01:04:34;159
bld6ujj1_PM;2020-01-24 20:56:01;160
1bvJOVm5wHk;2020-01-25 19:28:41;161
hZ35zJ5mAz8;2020-01-31 18:06:34;162
Dx9xc4_Z7b0;2020-01-31 23:15:00;163
muJfMnwT5Wg;2020-01-30 20:35:49;164
5ye1WhQqbnk;2020-01-30 14:28:27;165
hi5oP2mjYm4;2020-01-30 23:24:39;166
hFTAqMnDoOY;2020-02-06 12:19:36;167
IZAU-5-Ixgs;2020-02-06 15:19:51;168
stBpVILH-cY;2020-02-06 09:18:37;169
xc1waGzgwaQ;2020-02-07 18:50:58;170
hmizBfA3hVM;2020-02-08 16:02:24;171
kVES250b4uw;2020-02-14 03:54:25;172
tPkUmd4U-Sk;2020-02-14 13:58:08;173
ww6y7zYDJBI;2020-02-14 18:25:33;173
Zu231alCg5c;2020-02-14 23:36:47;174
ks_D8mmPdOM;2020-02-14 19:34:20;175
0JzF44rD8pE;2020-02-18 11:17:12;176
iC7ftpyZrOk;2020-02-17 21:30:01;177
YMUS1spuE8U;2020-02-20 02:36:44;178
rMG1ST0Yg38;2020-02-20 20:38:02;179
M-m3RTybG0k;2020-02-18 22:07:28;180
yHAGPW0HeRk;2020-02-26 20:09:22;181
4GPT-hoGsos;2020-02-29 01:19:08;182
QV8U8zdqYDQ;2020-02-29 23:22:00;183
xdiUKgD2wMM;2020-02-26 15:30:45;184
PlIkNrCqoH0;2020-02-26 19:31:20;185
rHgRViq4kKE;2020-03-04 17:50:27;186
dM2tSaiyGF0;2020-03-02 16:29:57;187
6pKJ5GJmxUQ;2020-03-03 18:26:40;188
QJR9aFh25Sk;2020-03-03 20:03:44;189
_4LWy6xWW2k;2020-03-07 13:05:37;190
h4Hu7ipttGc;2020-03-11 11:38:34;191
Xijh9Y-DNIU;2020-03-12 03:31:10;192
UMf-fEMzCZQ;2020-03-10 21:41:47;193
xnToVQZhKRA;2020-03-15 01:32:46;194
dsuXodQbLD8;2020-03-09 21:32:39;195
oUnwhF6QGMI;2020-03-22 13:12:14;196
1Ut0FP85suc;2020-03-18 11:28:19;197
PtNt9jUvoz0;2020-03-16 11:29:44;198
4sLN2chws-8;2020-03-18 20:34:52;199
laMrAdqTR_c;2020-03-20 22:42:54;200
WmtZUFTzSqs;2020-03-23 13:17:57;201
voz-k5oNrKo;2020-03-26 16:16:56;202
BDw_386yBAk;2020-03-24 19:17:11;203
Eme5h7J7hhk;2020-03-28 17:51:35;204
Xvpn4aDcpXM;2020-03-31 22:25:43;205
a3JoxouRv1w;2020-03-31 15:30:00;206
0eXfJtiwJT4;2020-04-04 16:42:21;207
OHstc3zZt24;2020-04-02 20:32:57;208
_99sJ0gTJDg;2020-04-03 20:42:59;209
s7kQgBFjjmk;2020-04-10 09:58:21;210
eelaaEe6ZTg;2020-04-06 20:45:56;211
VuZknmHRIZs;2020-04-07 23:26:17;211
pcsLTlLfV78;2020-04-12 02:30:10;212
RulCE9o0IMo;2020-04-12 02:30:03;213
fb2m3_opUpw;2020-04-13 10:58:05;214
cBwz8GBos2g;2020-04-15 17:14:07;215
JmqU5NJFtvI;2020-04-13 20:17:54;216
P9pTtUmGBbU;2020-04-13 18:04:03;217
GJIFLR7CYtA;2020-04-19 03:00:06;218
Wv9uTUyuSH8;2020-04-24 11:57:09;219
8eRsApsW5zM;2020-04-20 21:49:26;220
qm37wGLqWhQ;2020-04-21 17:29:48;221
nSCyN-NSUTk;2020-04-20 12:26:53;222
e9ayBmjg_T0;2020-04-20 02:38:46;223
2fS_r0sPXmQ;2020-04-29 22:12:26;224
NXY68dTvoK0;2020-04-29 17:36:22;225
WgTSGuYdFHM;2020-05-01 00:56:34;226
pQYwxNz3XQg;2020-04-30 20:08:54;227
FBskVA1R_ic;2020-04-27 23:11:36;228
CsHjOetAVFE;2020-05-07 14:39:37;229
EKxTgU3xmkg;2020-05-08 15:14:49;229
k6cdBUBb5Ak;2020-05-04 22:33:34;230
x0B_jGz3TlI;2020-05-08 15:13:54;231
obdLorhP37s;2020-05-08 23:06:41;232
fd9CoSC87fA;2020-05-16 03:52:54;233
8k_xBBy1L1I;2020-05-15 22:25:33;234
Zynjrn-bMNQ;2020-05-15 21:23:26;235
2QncpGmzqdY;2020-05-16 02:58:00;236
UuTyfnnvCFk;2020-05-16 01:26:09;236
1JKzS2v6lOw;2020-05-19 16:47:39;237
4nKOHKI50a8;2020-05-21 01:49:40;237
uuJXnSb_lC4;2020-05-19 17:46:47;237
J1UILZLE5OY;2020-05-22 02:03:25;238
zxSmE3nJzzA;2020-05-19 09:35:20;239
YaGH6G7-EPk;2020-05-28 22:39:19;240
Un8Awk3HFl8;2020-05-29 19:09:33;241
rXx8F7hq3xA;2020-05-28 14:03:06;242
v2vh2o9_Jx0;2020-05-31 02:17:16;243
xwds934oU-M;2020-05-26 20:41:40;244
dE5tT0Q1toc;2020-06-01 10:30:50;245
4lfI8hWvebk;2020-06-05 21:06:11;246
-WfcS9VP1S0;2020-06-04 22:02:54;247
goAlZbBVOsI;2020-06-02 22:50:24;248
jouNvyZ1leM;2020-06-01 21:34:26;249
vJG900K0I-c;2020-06-08 20:58:41;250
GbplBPqG6Ak;2020-06-09 19:23:55;251
tiMbTTogZNs;2020-06-13 02:56:21;252
15e-EoEXx9I;2020-07-05 16:14:08;252
YEL-WzfC02E;2020-06-08 14:52:23;253
qD1IvLqDNG0;2020-06-10 15:14:58;254
gICTGhF_eaQ;2020-06-18 18:45:18;255
AY2r1vDQX1I;2020-06-15 16:23:36;256
9oCOMmh0Lnw;2020-06-15 16:52:21;257
j7cA5RLyWb0;2020-06-16 12:57:08;258
BsZYhOey2m0;2020-06-17 03:37:15;259
H177qVosFgU;2020-06-22 21:57:30;260
0b2U_AhZQmg;2020-06-23 03:24:06;261
ydfAK01t-sI;2020-06-24 00:17:32;262
PFWpApIabpI;2020-06-28 02:05:51;263
ENHhlYn1Cro;2020-06-22 23:43:36;264
4lWa9FZqx3k;2020-06-29 21:32:07;265
JG9w78TbXJY;2020-06-30 14:45:09;266
gNfyEtPw8Zk;2020-07-03 03:18:22;267
eQVina8u3DE;2020-07-02 12:34:01;268
sgW57NOk08I;2020-07-09 13:36:50;269
pkFTJarexPk;2020-07-09 14:11:06;270
CNAgjbZZRAA;2020-07-07 23:54:43;271
XjkKPnT1jnk;2020-07-06 17:47:05;272
yONHFqRFMu0;2020-07-16 14:18:48;273
8sy-L54USYc;2020-07-17 05:54:18;274
RF2ye9hPnaU;2020-07-14 14:21:20;275
0EYnyGNBd5U;2020-07-14 13:54:15;276
x02-_C8nK8U;2020-07-15 13:28:12;277
s4yQkfMrnVE;2020-07-25 04:37:25;278
m7ZvjRYDGS4;2020-07-24 06:02:56;279
ej8mu99KNKM;2020-07-24 09:16:59;280
ymkL2n0qoLA;2020-07-22 23:02:26;281
CPvJJU1D_Lw;2020-07-25 15:20:35;282
gHh5mbW-0jA;2020-07-30 05:39:51;283
1BqudlG8cB8;2020-07-29 12:43:41;284
r9Hj7vLnSmI;2020-07-31 20:14:34;285
pLe_B5slYxk;2020-07-28 02:40:42;286
jw8rtP-GYvk;2020-07-28 20:20:34;287
HyMHx3iDQq0;2020-08-03 22:32:51;288
QMUYszY-Pwc;2020-08-05 17:16:35;289
YjJb9APpCUg;2020-08-05 20:58:16;290
BCt5xdEw74A;2020-08-03 20:45:48;291
fJUzRl345Ic;2020-08-07 22:59:01;292
qCKD1o9ol9w;2020-08-14 19:40:53;293
Th7o7c6jTog;2020-08-14 15:38:34;294
PPHL1RDDw1E;2020-08-10 22:31:08;295
KqsdPAcAHNQ;2020-08-15 16:35:47;296
kQwMlN_HIqg;2020-08-10 18:14:12;297
twPJN-REBBw;2020-08-21 20:34:12;298
6c_4fvtYBEc;2020-08-22 12:45:39;299
Afn9Zy1P4-c;2020-08-21 18:00:35;300
Ta52cBgCIh4;2020-08-17 17:55:12;301
YjrHDzvzDgY;2020-08-23 16:41:32;302
9W9buDy72lA;2020-08-27 01:34:42;303
9WkTw0mviUM;2020-08-28 21:33:30;304
E7BwxYLCEPU;2020-08-27 20:55:40;305
TDRLiqqvvtI;2020-08-29 14:08:13;306
jtdryJokJxA;2020-08-26 03:54:45;307
wicWr5OX-c8;2020-09-03 20:14:58;308
B_3FoV8e5iQ;2020-09-03 19:40:36;309
dh8QXA5qJw8;2020-09-04 11:54:07;310
sSnwoPeFpo8;2020-09-01 22:21:42;311
dEYGCy-Hi7g;2020-09-04 18:30:03;312
fwO1aq3BJDE;2020-09-11 14:51:20;313
qzqzxN03Z7w;2020-09-09 17:11:24;314
YFaPPd04YF4;2020-09-11 03:38:52;315
Fgcbhepvs7M;2020-09-10 01:06:31;316
ywnQ5MuE9I4;2020-09-10 21:19:39;317
6T4-Ora_FD4;2020-09-14 19:20:24;318
6BZberC_BvM;2020-09-14 13:26:46;319
UTSByS63n9o;2020-09-15 22:25:32;320
jDZIcAkk37w;2020-09-24 19:30:01;321
OepmIXSdttQ;2020-09-23 17:52:50;322
0H2fDkuMi_Q;2020-09-22 19:19:05;323
7XMFaez8pNo;2020-09-21 22:44:37;324
e5oUZvDWhqY;2020-09-23 12:37:39;325
tEQh_SoL0NA;2020-09-28 15:16:42;326
2TlPPcMtrdw;2020-10-04 02:00:01;327
tsCFzGn0_G4;2020-10-03 00:14:35;328
ANSEFH9Ai1Y;2020-09-28 14:48:13;329
gKq6ZN7v3Xg;2020-09-28 19:55:58;330
CC3L8Sxz_P4;2020-10-08 19:38:31;331
uyGcxZgG_tU;2020-10-07 17:49:18;332
xzPhMjQ4bjc;2020-10-07 11:08:13;333
dV5pFUiJ1lQ;2020-10-09 16:42:04;334
7KeDOGTClWM;2020-10-08 18:00:46;335
6bALSbg7KsQ;2020-10-18 15:38:31;336
7bX0sSY82VI;2020-10-16 13:35:45;337
A2R3lscy7TA;2020-10-17 22:49:14;338
lr4n3fqxj8Q;2020-10-13 09:19:44;339
S3H-4LTemPw;2020-10-13 10:04:16;340
jNsGeVrWwwc;2020-10-23 10:00:00;341
EWXniEI6PQw;2020-10-21 13:38:00;342
jTgahbDCvz4;2020-10-23 22:33:36;343
K5UOQ7mJ8Fc;2020-10-21 17:41:10;344
CZjegoBWZRo;2020-10-24 01:04:34;345
sEcBUr4AIm0;2020-10-27 01:57:01;346
WZpL820_NqM;2020-10-28 02:38:08;347
35ZGLXZ3JkM;2020-10-29 15:43:10;348
HkOsiYe1_oM;2020-10-26 22:48:17;349
DywxRHMWypQ;2020-10-29 18:20:25;350
ZN33i9oqjsU;2020-11-04 07:50:30;351
kIoTIWVdiao;2020-11-03 12:57:58;352
N6p6OPPF3bw;2020-11-03 09:27:11;353
Y-zjlUKRnFs;2020-11-06 19:29:16;354
4GYv4siHNVw;2020-11-04 13:41:13;355
Nd6gDKdGY9E;2020-11-11 15:57:31;356
MAct1Oiur5A;2020-11-12 18:53:17;357
EMU_Ulv6CFA;2020-11-15 02:18:48;358
v_WgZDCu4wA;2020-11-09 15:53:51;359
4JcbjC-9qjI;2020-11-11 02:43:29;360
esd5EYwrU9g;2020-11-18 19:48:11;361
aThQkLKBWgk;2020-11-18 13:16:49;362
GVC_qZmNuOc;2020-11-16 12:14:54;363
NkZvgMp94hA;2020-11-18 11:08:07;364
_LQwd9HCnHU;2020-11-26 19:10:55;365
OEtb0N20YrA;2020-11-25 18:41:04;366
xZ3aW8b5ZkI;2020-11-27 16:15:16;367
DMKToFoFG64;2020-11-28 16:36:54;368
EQ2WsOVSQaU;2020-11-25 12:30:38;369
tX2gzqjjxmo;2020-12-03 12:44:09;370
tht3j0QKZP4;2020-11-30 16:44:12;371
1wmOK8haTuc;2020-12-01 21:34:39;372
Pwu7uHHisvc;2020-12-03 22:23:04;373
VdDB5Czgh1Y;2020-12-01 16:00:40;374
3C_CHatIN_4;2020-12-11 22:43:30;375
hiXgC5rNGLM;2020-12-09 16:45:01;376
Xaa7E3ZOC34;2020-12-11 12:12:11;377
LKMxzS87Pnw;2020-12-08 15:34:08;378
SaxMFU6meGk;2020-12-07 21:20:29;379
weuFLiFfpLc;2020-12-16 15:15:50;380
yPWYeJyxi-Y;2020-12-16 14:03:06;381
RqbP7jQUqJg;2020-12-16 12:13:05;381
zlwno2RA-gk;2020-12-15 13:12:13;382
aaPT8HFQbDU;2020-12-18 12:59:00;383
L2NNI7a2_qs;2020-12-27 02:08:38;384
y0V3ypdMEcU;2020-12-28 17:39:22;385
cBOmSIgjFwo;2021-04-07 00:00:00;386
SUPdMWVmukA;2021-04-07 00:00:00;386
-UGqtmgkJQI;2021-04-05 00:00:00;387
NwdXOrUJEuY;2021-04-06 00:00:00;388
4IC6k8wZk8M;2021-04-05 00:00:00;389
7jAu4PPqR-4;2021-04-15 00:00:00;391
WA5-VPp6VSI;2021-04-21 00:00:00;392
aHgeFg8dwO4;2021-04-21 00:00:00;392
DPc4eBN_5bI;2021-04-21 00:00:00;392
4K9I6PvMf20;2021-04-21 00:00:00;392
ecfk1Z2YjMg;2021-04-20 00:00:00;393
Uer9pikGh3M;2021-04-28 00:00:00;394
kVudCwyXzTE;2021-04-30 00:00:00;395
jYpxGQTkBnY;2021-05-08 00:00:00;396
WFRw4ld5Xaw;2021-05-07 00:00:00;396
gvRuipiAcWs;2021-05-07 00:00:00;396
NHkphDWk-T0;2021-05-07 00:00:00;396
95wiT7W_Eug;2021-06-26 00:00:00;396
Uc1duyZfsYU;2021-05-07 00:00:00;396
JZxR4401r-Q;2021-05-07 00:00:00;396
qTsIwrERdfw;2021-05-06 00:00:00;396
Y5r4H-DZLpA;2021-05-24 00:00:00;396
8kzsh2nuT-4;2021-05-08 00:00:00;396
cIbOlfG1HSo;2021-05-10 00:00:00;396
9gDbb2G7N4Q;2021-05-06 00:00:00;396
E_yKzKdBMd0;2021-05-09 00:00:00;396
Qr8EWm9Z-JI;2021-05-07 00:00:00;396
QhjkjXVAHiA;2021-05-06 00:00:00;396
0VRUQVuAqv0;2021-05-10 00:00:00;396
VbQ2rjRzmzo;2021-05-07 00:00:00;396
qRK7EBaC3OM;2021-05-26 00:00:00;396
4PTlhIE7jtU;2021-05-14 00:00:00;396
ofPBWPK8jks;2021-05-11 00:00:00;397
jshbBMr5Hh0;2021-05-12 00:00:00;398
QMZZsra2Loc;2021-05-10 00:00:00;399
vnMbDK6W_D4;2021-05-21 00:00:00;400
s2ISDPnoyzc;2021-05-24 00:00:00;400
Utaun4W3jJM;2021-05-21 00:00:00;400
e6Mh5XO3894;2021-05-20 00:00:00;401
G_S_Nt1qUbA;2021-05-19 00:00:00;402
zWcENAd1xI4;2021-05-19 00:00:00;403
3aI2Vd097uA;2021-05-30 00:00:00;404
sexImI5YeFY;2021-05-28 00:00:00;405
oaMer7R8TrA;2021-06-02 00:00:00;406
IB6Og04bgpQ;2021-06-04 00:00:00;407
LNyNOIO1iAs;2021-06-04 00:00:00;408
Mw9CSUL_uLI;2021-06-04 00:00:00;409
LEdCZ0JHcIE;2021-06-01 00:00:00;410
E-aRo9q17zI;2021-06-09 00:00:00;411
GkFqJ4xXfOw;2021-06-10 00:00:00;411
eb12iuGwn5M;2021-06-18 00:00:00;412
Za9R0tB40UA;2021-06-15 00:00:00;413
Ce7jd9k4FMs;2021-06-19 00:00:00;414
gd5G2EZmlTk;2021-06-25 00:00:00;414
Zu4F_0u5200;2021-06-29 00:00:00;414
UF7Ue2v5c8c;2021-06-28 00:00:00;414
epJ73Vv83KI;2021-06-28 00:00:00;414
wNs1ZAFAAWk;2021-06-28 00:00:00;414
tWrgrFdocdc;2021-06-29 00:00:00;414
GnJ2PyHyIWw;2021-06-18 00:00:00;415
pHsRkm0i_kc;2021-06-21 00:00:00;416
WUPPG59htrQ;2021-06-24 00:00:00;417
0WZy3qokMbc;2021-06-22 00:00:00;418
1tgHCRzm7nM;2021-06-29 00:00:00;419
m3ZjZNoD7FI;2021-06-29 00:00:00;420
BblUZmfxT1E;2021-07-13 00:00:00;421
upHox1RJiqE;2021-07-15 00:00:00;422
KzvcqRUlftw;2021-07-16 00:00:00;423
aiIsc-H9eDs;2021-07-14 00:00:00;424
qgSwZpQIUEA;2021-07-12 00:00:00;425
PEnWKMvbC94;2021-07-23 00:00:00;426
AKvlKN1O2EI;2021-07-23 00:00:00;427
lCLQvbj8acQ;2021-07-19 00:00:00;428
iz6xerCIP-I;2021-07-26 00:00:00;429
zS0Ko-8S2K8;2021-07-26 00:00:00;430
sQd1v5YfrkI;2021-07-27 00:00:00;430
QJuxxCQmmrA;2021-07-27 00:00:00;430
ToQZ53K0V_I;2021-07-26 00:00:00;431
TDEPKFM4GWo;2021-08-03 00:00:00;432
QlD5PRE-KVA;2021-08-04 00:00:00;433
ZcasF84Qp6c;2021-08-06 00:00:00;433
XRQd3JNCE_8;2021-08-05 00:00:00;434
u2gz8uMv7z0;2021-08-13 00:00:00;435
liKckl-3lnI;2021-08-11 00:00:00;436
yTGIS0wGUdM;2021-08-12 00:00:00;437
OBVlEfZbXxE;2021-08-22 00:00:00;438
-p4bs4ahNKo;2021-08-17 00:00:00;439
psAkNcKfS9E;2021-08-16 00:00:00;440
dz2pq3e5KFM;2021-08-19 00:00:00;441
ZxzSxBeIFBA;2021-08-18 00:00:00;442
0eg1L3vHDGM;2021-08-24 00:00:00;443
9q6MDjfk2iM;2021-08-24 00:00:00;444
jEPd5hE_Q7g;2021-08-25 00:00:00;445
JtM-cEXZK0E;2021-09-07 00:00:00;446
IUDKv1l41NI;2021-09-11 00:00:00;447
0f8tMvusLyI;2021-09-18 00:00:00;448
ut1px1Szv-s;2021-09-15 00:00:00;449
YoLrFniDt0s;2021-09-23 00:00:00;450
6DiKz27ANLE;2021-09-21 00:00:00;451
-n2w-ExnjrE;2021-09-23 00:00:00;452
aEktBNKbkcY;2021-10-02 00:00:00;453
sYed4Z2Z4Yo;2021-09-27 00:00:00;454
qIK2fivH9M0;2021-10-06 00:00:00;455
yuT_HjiS03E;2021-10-06 00:00:00;455
AlOWnzWRa24;2021-10-06 00:00:00;455
bym3xsFpnYI;2021-10-09 00:00:00;456
lwtnPl6010I;2021-10-07 00:00:00;457
yntMkBb7tyg;2021-10-14 00:00:00;458
okCUM5w-y-Y;2021-10-11 00:00:00;459
-OQKubnz_oI;2021-10-16 00:00:00;460
RIgELg4Y_YQ;2021-10-14 00:00:00;461
FgWQ8F7eeZw;2021-10-11 00:00:00;462
tb_gt-8a-oc;2021-10-20 00:00:00;463
2Ifll7eT4XE;2021-10-20 00:00:00;464
wkIdYsUx-t0;2021-10-22 00:00:00;465
657xs74ZLkA;2021-10-21 00:00:00;466
mcU8y96jlaU;2021-10-21 00:00:00;467
G0lSb0Kh2-w;2023-08-01 00:00:00;468
TRhfZZ-PzLc;2023-08-01 00:00:00;468
bDr6g8KFkdA;2023-08-01 00:00:00;468
vIiWZt0bvf8;2023-11-03 00:00:00;469
2yt2SE8zff4;2023-11-03 00:00:00;469
D0uxDJMNA9g;2023-09-16 00:00:00;470
Kc4Gu0zczL4;2023-09-15 00:00:00;470
8lwmbBZlB9M;2022-05-24 00:00:00;471
sxCYFTDZ5Xo;2022-05-24 00:00:00;471
qQmurix2glM;2022-05-24 00:00:00;471
Lx6d5qnNLX8;2022-05-25 00:00:00;471
5x7TceGb-dY;2022-05-24 00:00:00;471
_3pFe0Vda4U;2022-05-24 00:00:00;471
W-mpyeKNviI;2021-09-22 00:00:00;472
t_j1ljuulRs;2021-09-23 00:00:00;472
VqK37SrsYGI;2022-07-21 00:00:00;473
7KID_LsomOQ;2022-07-21 00:00:00;473
HeeIc_-Wsgk;2022-07-22 00:00:00;473
NCbcCeteSlg;2022-07-21 00:00:00;473
scgDvVhnokw;2022-07-21 00:00:00;473
cjFVR8JJi3I;2022-07-22 00:00:00;473
NnAuZwZUUiI;2022-07-21 00:00:00;473
e2eHFSoXzTo;2022-07-22 00:00:00;473
K4CdNNE3FgE;2022-07-27 00:00:00;473
hBNt-zNakFM;2022-07-22 00:00:00;473
0bcnE_UWznY;2022-07-21 00:00:00;473
iddk4lzfRck;2022-07-21 00:00:00;473
lXCPHN0rDxI;2022-04-19 00:00:00;474
1RMgMHL2O08;2022-04-18 00:00:00;474
2oiMY-9sAc4;2021-11-22 00:00:00;475
9gI98Qmr-DE;2021-11-25 00:00:00;475
YI2n0_RCezI;2021-11-22 00:00:00;475
2xF58DhsV6s;2021-12-16 00:00:00;476
B1IJP732KvI;2021-12-16 00:00:00;476
mRajLMTbwvw;2021-12-16 00:00:00;477
pXro011d19M;2021-12-16 00:00:00;477
2yXBb0ZIBv4;2022-01-06 00:00:00;478
d6vNwPrnBgY;2022-01-06 00:00:00;478
OcUTJjZKXC8;2021-01-04 00:00:00;479
_V_ZXoXSrhs;2021-01-04 00:00:00;480
Z7CyEZsRyIo;2021-01-05 00:00:00;481
0AIwoO6C8pA;2021-01-06 00:00:00;482
KMrNztzU5fk;2021-01-06 00:00:00;483
nsS51ISU_AE;2021-01-06 00:00:00;484
K5GgO2YwX9s;2021-01-08 00:00:00;485
fdAr2hJ0HOs;2021-01-11 00:00:00;486
h5RLfs0bF1c;2021-01-12 00:00:00;487
WlgzqbhNPDE;2021-01-12 00:00:00;488
mo4EYl-V8mg;2021-01-18 00:00:00;489
avauw6m9cm0;2021-01-19 00:00:00;490
fd4yN4CCfP0;2021-01-24 00:00:00;491
CcFA8Wxnlc8;2021-01-27 00:00:00;492
rdrGx8CztrY;2021-01-27 00:00:00;493
VXtsAmu6gmY;2021-01-27 00:00:00;494
sLfgqrbGUy4;2021-02-01 00:00:00;495
2ZtcXIq-7CM;2021-02-02 00:00:00;496
bWRZo2y4ucY;2021-02-04 00:00:00;497
Gqcyxt3PVcc;2021-02-04 00:00:00;498
sZYVFD5wwCU;2021-02-05 00:00:00;499
6ktZ5w90ee0;2021-02-10 00:00:00;500
uQjtLfeLr-w;2021-02-11 00:00:00;501
2eMivIJB944;2021-02-14 00:00:00;502
iGdh41h1voM;2021-02-14 00:00:00;503
LZg0WI4LpBk;2021-02-15 00:00:00;504
011Im6hWGm0;2021-02-18 00:00:00;505
ah9FmyVptlE;2021-02-19 00:00:00;506
iiJuZxuZs4I;2021-02-19 00:00:00;507
qqZHvXubICc;2021-02-19 00:00:00;508
dZbTskptXx0;2021-02-23 00:00:00;509
unn4UknugMA;2021-02-24 00:00:00;510
YGDnkf5DhvI;2021-02-25 00:00:00;511
8s6cdJ2rVI4;2021-02-26 00:00:00;512
LVZ8YZgAEv0;2021-03-04 00:00:00;513
j3G26Nx3d_0;2021-03-05 00:00:00;514
vi_29SLSKSQ;2021-03-09 00:00:00;515
R_O9n_0zfXA;2021-03-11 00:00:00;516
rJWmRubKNQU;2021-03-12 00:00:00;517
kFfeXJSBKBU;2021-03-17 00:00:00;518
F_10c00ZzJs;2021-03-18 00:00:00;519
Oz5hLkbQVXQ;2021-04-02 00:00:00;519
MkyHH_X4Phk;2021-03-24 00:00:00;520
hL_QiyWBebk;2021-03-25 00:00:00;521
58W3iSrGLkk;2021-03-25 00:00:00;521
gX4IC3HNUnU;2021-04-05 00:00:00;521
LbwL4T4Uivw;2021-03-29 00:00:00;522
TUym9YXYhUU;2021-03-30 00:00:00;523
Ltq16hRoHxI;2021-04-08 00:00:00;524
WYiEuXUSVCI;2021-03-31 00:00:00;524
zMyEOCU5NyY;2021-04-14 00:00:00;525
dwtOsrrQr3k;2021-04-27 00:00:00;526
k-wtBN9h-lI;2021-05-06 00:00:00;529
KVc01xXa-RQ;2021-05-15 00:00:00;530
hyitJo6WMxk;2021-11-16 00:00:00;531
Fp5B7du8eWU;2021-05-17 00:00:00;531
jF759yzgwbI;2021-11-17 00:00:00;532
f6f3x7mQiEI;2021-05-22 00:00:00;533
8ZphBahS3vA;2021-05-24 00:00:00;534
ai7M7vHMyIY;2021-11-22 00:00:00;534
fCSdK6UbMCk;2021-05-27 00:00:00;535
gNV19_A3Zuc;2021-11-22 00:00:00;535
5Gu-kekIqYE;2021-05-28 00:00:00;536
bOwGN1Bomlk;2021-06-04 00:00:00;539
9Wc50ZtENZg;2021-06-10 00:00:00;540
EGOgDgkU-ho;2021-06-10 00:00:00;541
fXYg7OeT1sU;2021-06-12 00:00:00;542
gW6VXujrVeI;2021-06-14 00:00:00;543
QhbwHdz5Mms;2021-06-15 00:00:00;544
YkH-BdAeip8;2021-06-24 00:00:00;546
5wCBTwMxCOU;2021-06-25 00:00:00;547
OVqpZ72F-iA;2021-06-25 00:00:00;548
8wS2DmgbR4Q;2021-07-07 00:00:00;549
FmO4LhbzLvs;2021-07-16 00:00:00;551
TX0dn2YaYew;2021-07-17 00:00:00;553
FLZ3KA9kqfU;2021-07-20 00:00:00;555
C5n_WWDe4K4;2021-07-26 00:00:00;556
1qCSiN-tDMM;2021-07-29 00:00:00;559
NmdUJMbWwkg;2021-07-30 00:00:00;560
elPS33osVNI;2021-08-06 00:00:00;562
g8NxALcG6XA;2021-08-06 00:00:00;563
ixlQZx1NNeA;2021-08-06 00:00:00;564
kkfHN-Sy5b0;2021-08-06 00:00:00;565
p0kjnbDSxGg;2021-08-06 00:00:00;566
knG2aMxl_Ao;2021-08-15 00:00:00;569
1lWjtmOh91o;2021-08-18 00:00:00;570
EzGO1CFcI2g;2021-08-19 00:00:00;571
QgP2cE4jXbc;2021-08-19 00:00:00;573
wCk61uFEijU;2021-08-23 00:00:00;574
3j7mYsEBKR4;2021-08-25 00:00:00;575
48Ih4RlQLA0;2021-08-25 00:00:00;576
giWV2Eh8kwU;2021-08-28 00:00:00;578
d4BFXrZV08I;2021-08-31 00:00:00;579
bTOFizkVOC4;2021-09-03 00:00:00;580
zYon2-rgrt4;2021-09-10 00:00:00;582
jVEVbtinFDk;2021-09-15 00:00:00;583
zWBikzDrWCY;2021-09-15 00:00:00;585
fJgHz3mrgv4;2021-09-16 00:00:00;586
RJhcqk0F0DQ;2021-09-16 00:00:00;586
LiwR4ldOyO0;2021-09-16 00:00:00;587
NIJtBjaeaUI;2021-09-16 00:00:00;588
AF9-fz-uhM8;2021-09-17 00:00:00;589
r1E1plOeoyA;2021-09-22 00:00:00;592
GEKKHRajtDw;2021-09-24 00:00:00;595
oGxwraXBvkY;2021-09-27 00:00:00;596
Z0swn5t8sqM;2021-09-28 00:00:00;598
eeIOfRGqdwM;2021-09-30 00:00:00;599
DSlBYW28AGE;2021-10-02 00:00:00;600
8xtOmJ9aI7I;2021-10-06 00:00:00;601
zv1OUIIjX3c;2021-10-06 00:00:00;603
ja8-h7o8jGs;2021-10-07 00:00:00;604
CF1MEtZL7Og;2021-10-08 00:00:00;606
6llCDKHfgWU;2021-10-13 00:00:00;608
F7SIQb6df_I;2021-10-13 00:00:00;609
r2sXcVxyDVo;2021-10-14 00:00:00;610
3FTNtKyNtk0;2021-10-19 00:00:00;611
HaaGDlMzamo;2021-10-19 00:00:00;612
VkNp8a8UdTI;2021-10-20 00:00:00;614
eFynIIdv3Qg;2021-10-27 00:00:00;615
8LRyZQv54fQ;2021-11-01 00:00:00;616
XZOWX4cCR6E;2021-11-03 00:00:00;617
UAcxVUDt4Vk;2022-06-30 00:00:00;617
Wz4Q9CjfCtQ;2021-11-02 00:00:00;617
nLrOGJ8xwsY;2021-11-05 00:00:00;617
vQug69dit6U;2021-11-05 00:00:00;617
bh0-hQlhv6o;2021-11-01 00:00:00;617
5yEufCWsgtc;2021-11-02 00:00:00;618
8dZzwYap0iw;2021-11-09 00:00:00;619
ituxWO-TcSM;2021-11-11 00:00:00;619
Ql0UrNLoIWk;2021-11-11 00:00:00;620
x5JJUzMqV6o;2021-11-11 00:00:00;621
nIVfuD4Pug0;2021-11-12 00:00:00;622
Km3EESVgfZ4;2021-11-28 00:00:00;638
HunpSbQBwMk;2021-11-30 00:00:00;639
YFoiaEUOC0s;2021-11-28 00:00:00;639
vUzLId4ZZ5c;2021-12-02 00:00:00;640
HGXcI51hJBw;2021-12-06 00:00:00;641
80qWgp9-Z64;2021-12-08 00:00:00;642
JyzVa81NR3A;2021-12-09 00:00:00;643
wsrRRlcEKJY;2021-12-09 00:00:00;644
pJ3IX3Y7VKA;2021-12-09 00:00:00;644
i9vaZSJylg4;2021-12-10 00:00:00;645
9tOEuPZUSV0;2021-12-15 00:00:00;646
az-mowJACSs;2021-12-15 00:00:00;647
uwpCdUZB6r4;2021-12-15 00:00:00;648
bmpRF9XEt_4;2021-12-16 00:00:00;651
Pum9dFWV8pg;2021-12-17 00:00:00;653
QQCdXqEblMA;2021-12-18 00:00:00;654
mCOnjJ2GghQ;2021-12-22 00:00:00;655
SZeat0zQbpU;2021-12-22 00:00:00;656
4FxFrAqpSCs;2021-12-23 00:00:00;657
tMSvHl51cDc;2021-12-23 00:00:00;658
qRmAy82Z9F8;2021-12-27 00:00:00;659
DjR-6fqC_WU;2021-12-30 00:00:00;660
P8oX1fuP-0k;2021-12-30 00:00:00;661
QLDa0fm6h6g;2022-01-12 00:00:00;664
_oBc9Aq5xjk;2022-01-12 00:00:00;665
0h9eE39N9yU;2022-01-19 00:00:00;666
C-zdri7bAfs;2022-01-19 00:00:00;667
7oUP2-8ww8o;2022-01-25 00:00:00;668
SCoN4SJWs3E;2022-02-02 00:00:00;669
zSnVGB6uHg8;2022-02-02 00:00:00;670
1q6wTvOHKrE;2022-02-04 00:00:00;671
hCl802rzB6M;2022-02-08 00:00:00;672
7QrBEQt29tY;2022-02-11 00:00:00;673
S4R9Puuoy-0;2022-02-11 00:00:00;674
x07MA9akWcI;2022-02-11 00:00:00;675
Bdx007DkXds;2022-02-25 00:00:00;676
eLvII4iPU3I;2022-02-28 00:00:00;677
5lnhiP-TOew;2022-03-01 00:00:00;678
L3FcCafPyR0;2022-03-02 00:00:00;679
mGR7dIc4gn0;2022-03-11 00:00:00;680
f0L1zTdfuiQ;2022-03-14 00:00:00;681
1ahvVIFt7Bs;2022-03-15 00:00:00;682
bHqaSZwJdTw;2022-03-15 00:00:00;683
omFDo48KNZc;2022-03-15 00:00:00;684
8rRqraK96DA;2022-03-16 00:00:00;685
33T7hqhlSdU;2022-03-21 00:00:00;686
d0R_bw6a-4Q;2022-03-23 00:00:00;687
z0URojo_06s;2022-03-23 00:00:00;688
lRy8vaH2p8c;2022-03-30 00:00:00;689
0cvGP7RrkUI;2022-03-31 00:00:00;690
E0PRblhTcoA;2022-03-31 00:00:00;691
wum3yGBNPHs;2022-04-01 00:00:00;692
ttYqUy08gF4;2022-04-04 00:00:00;693
U2rw9auzeds;2022-04-08 00:00:00;694
CFrErCxyUG4;2022-04-13 00:00:00;695
3Px05rpCUc8;2022-04-14 00:00:00;696
1SGXpObKdR0;2022-04-14 00:00:00;696
HqjwHQC8L-0;2022-04-21 00:00:00;698
eaQ-JMJzO0s;2022-04-25 00:00:00;699
fo0-NK7uPbI;2022-04-25 00:00:00;700
5jWxVqUoqgw;2022-04-27 00:00:00;701
gCLs5hsr9MM;2022-04-28 00:00:00;702
u3-fEaXW6LY;2022-04-29 00:00:00;703
E0NrgvbahJI;2022-05-02 00:00:00;704
oOwwun95qGc;2022-05-06 00:00:00;705
ffeRfp2Zgz8;2022-05-10 00:00:00;706
Bq25hP2CXuY;2022-05-11 00:00:00;707
MZkJySuEw-I;2022-05-11 00:00:00;707
7ViDj36snfk;2022-05-16 00:00:00;707
iEVGY5HYEH8;2022-05-17 00:00:00;708
t_yJbSyGaVs;2022-05-23 00:00:00;709
70V8NyfpAL4;2022-05-24 00:00:00;710
_lUkWxlt4hQ;2022-05-24 00:00:00;711
970OZGzZNbQ;2022-05-25 00:00:00;712
wA9LCJ4k8P8;2022-05-26 00:00:00;714
mwQBJ1xYvXs;2022-06-15 00:00:00;715
dh67Lf388g8;2022-05-27 00:00:00;715
pSOCZQXgWq0;2022-05-30 00:00:00;716
HEL5myIn4OA;2022-06-01 00:00:00;717
tJMxGykn6cM;2022-06-02 00:00:00;718
DP8XqgCBvG4;2022-06-07 00:00:00;719
gxoVDmxg-Wg;2022-06-07 00:00:00;719
GY2ZeAuri7s;2022-06-07 00:00:00;720
39Q3TFRKinM;2022-06-15 00:00:00;721
vCFieL1AjtQ;2022-06-15 00:00:00;722
KZJJLTyM-Cc;2022-06-20 00:00:00;723
HKRUoRCPCHU;2022-06-28 00:00:00;724
UPYlKzeCP80;2022-07-07 00:00:00;725
oPNFxaF3WlE;2022-07-09 00:00:00;726
sPeWwfzwPMs;2022-07-13 00:00:00;727
Xdb9T-dx7-U;2022-07-15 00:00:00;728
GtQpvdmlugg;2022-07-28 00:00:00;729
7ZlSztLDKgg;2022-07-29 00:00:00;730
khdKPZHcl8M;2022-07-30 00:00:00;730
33U1rFHIDA0;2022-08-02 00:00:00;731
g44QKZW4qME;2022-08-06 00:00:00;732
4Wk9-Of6vug;2022-08-09 00:00:00;733
Opr3qmr5NNE;2022-08-09 00:00:00;734
ol0gLldxAqI;2022-08-10 00:00:00;735
DXiFDsnO6Jo;2022-08-11 00:00:00;736
cprkOyZt4xs;2022-08-13 00:00:00;737
eTjiKUZL1cw;2022-08-15 00:00:00;738
Jn1QtwLwsvI;2022-08-17 00:00:00;739
SwTS2OrWjME;2022-08-16 00:00:00;739
z-2nWQplctU;2022-08-23 00:00:00;740
__qqQn7x3NM;2022-08-24 00:00:00;741
fvUiTok2BZw;2022-08-29 00:00:00;742
H85T1-W98zU;2022-08-31 00:00:00;743
-CUdJQnDtSc;2022-09-01 00:00:00;744
oMpjdI2_wGY;2022-09-01 00:00:00;745
SX3phL5IGzs;2022-09-05 00:00:00;746
kOT9JRJukQw;2022-09-14 00:00:00;747
dwzcttBBRfE;2022-09-22 00:00:00;748
I9zT_yLswDY;2022-09-28 00:00:00;749
Ig17pNBB4mo;2022-09-27 00:00:00;749
ToKYK-BysP0;2022-09-29 00:00:00;750
QNLIjFCeSVQ;2022-09-27 00:00:00;750
PqolrMBWZzs;2022-10-04 00:00:00;751
3s1nv5sA6ew;2022-10-05 00:00:00;752
w2lJduvAMoQ;2022-10-05 00:00:00;753
1qEvqLS-Sjw;2022-10-07 00:00:00;754
-7oBw0TwKgs;2022-10-13 00:00:00;755
CRXVvlmUkwU;2022-10-14 00:00:00;756
QC-KypIg-TU;2022-10-20 00:00:00;757
1anpgEV7Wuw;2022-10-21 00:00:00;758
GGMKsIBIbPY;2022-10-24 00:00:00;759
JkUADurn3Cc;2022-10-28 00:00:00;760
ywbIP5NRrO8;2022-10-30 00:00:00;761
yS0cgkQ3AgU;2022-11-01 00:00:00;762
0ImQDNmJTR0;2022-11-07 00:00:00;763
_c0WKKDKpc0;2022-11-07 00:00:00;764
pt6sEX20Ja8;2022-11-11 00:00:00;765
Tf2QNfSbNyA;2022-11-16 00:00:00;766
bQQlTsAcJkM;2022-11-17 00:00:00;767
HSt7-5xyVU0;2022-11-17 00:00:00;768
2rwFw8OW4K4;2022-11-18 00:00:00;769
JESmyxvVqAI;2022-11-18 00:00:00;770
PbcfVx3b_wc;2022-11-18 00:00:00;771
zeaCI5BsJbU;2022-11-18 00:00:00;772
eF5JDvxCTDg;2022-11-21 00:00:00;773
kcqU9CIk5KA;2022-11-22 00:00:00;774
UsVbohmRf-0;2022-11-23 00:00:00;775
khy5xC7-blg;2022-11-25 00:00:00;776
wvNK31LugM8;2022-11-29 00:00:00;777
Fat82tX2178;2022-12-01 00:00:00;778
W7m1xOijR2w;2022-12-07 00:00:00;779
Ofob2qX1ewg;2022-12-08 00:00:00;780
94HwwwbThXc;2022-12-14 00:00:00;781
1vIwjzWWyRM;2022-12-22 00:00:00;782
F_35bC26DZ8;2022-12-27 00:00:00;783
G18-Kf49tQE;2022-12-28 00:00:00;784
lK9lRoHk9kQ;2022-12-29 00:00:00;785
vSVhTQkc59Q;2023-01-03 00:00:00;786
l_9IloJP9z0;2023-01-04 00:00:00;787
NFSsxJcVzWc;2023-01-05 00:00:00;788
bPe2_EKIgSY;2023-01-06 00:00:00;789
Q57MzP3H1no;2023-01-06 00:00:00;790
-X5__VUMY2c;2023-01-08 00:00:00;791
e77wtj5Q66s;2023-01-10 00:00:00;792
9TGoxO1Zewg;2023-01-11 00:00:00;793
TvJ0L_KETQA;2023-01-12 00:00:00;794
Ef2jz0p64ZQ;2023-01-13 00:00:00;795
qQUpsJ3DwzU;2023-01-26 00:00:00;796
1QiTkJYRGKM;2023-01-27 00:00:00;797
3UWpkLHfHts;2023-02-01 00:00:00;798
q8tS5_Gru8c;2023-02-03 00:00:00;799
8LkQj6i2G3E;2023-02-07 00:00:00;800
sarnRBINLQY;2023-02-08 00:00:00;801
SMbpv3E6rwM;2023-02-13 00:00:00;802
cX0309mX5VQ;2023-02-23 00:00:00;803
MERIwMbd4uU;2023-02-24 00:00:00;804
SUvtiUEIpLw;2023-02-24 00:00:00;805
lz9O7eqcaCk;2023-02-27 00:00:00;806
rubsJ7-mKdw;2023-02-27 00:00:00;807
xpBNabznhKQ;2023-03-02 00:00:00;808
_ObHnWs5vnI;2023-03-02 00:00:00;809
A9oBsQCDE_o;2023-03-10 00:00:00;810
n6e92tCiJeQ;2023-03-10 00:00:00;811
4PjlnRmAaks;2023-03-15 00:00:00;812
IGCZAs4vpKc;2023-03-17 00:00:00;813
CG0hbkoFkBE;2023-03-23 00:00:00;814
erorJaUrhsI;2023-03-23 00:00:00;815
Y0X4HqoxD6Q;2023-03-24 00:00:00;816
z4PbppeBehc;2023-03-24 00:00:00;817
Q8a40mI0oWA;2023-04-03 00:00:00;818
z7DBL5K48Ms;2023-04-03 00:00:00;819
KpLGVqo-7BM;2023-04-04 00:00:00;820
oTr8TsBim3w;2023-04-10 00:00:00;821
gE_cMhPRU54;2023-04-10 00:00:00;821
JAP-jqwVkBc;2023-04-17 00:00:00;822
CR1o8gpFdiU;2023-04-18 00:00:00;823
udAhCcQATq4;2023-04-25 00:00:00;824
p3-XfGkda7k;2023-04-30 00:00:00;825
5tOHKXbiLqU;2023-05-11 00:00:00;826
qqveNaT6Eq0;2023-05-11 00:00:00;826
idJaSOEoOjc;2023-05-11 00:00:00;827
zV2ZB5FU8O4;2023-05-16 00:00:00;828
pktjZ-CGAB4;2023-05-16 00:00:00;828
FuUFOwOmgnI;2023-05-19 00:00:00;829
5RxSgxFyDNI;2023-05-23 00:00:00;830
n5yxXdeAwb0;2023-05-24 00:00:00;831
FJtYk3S8y5s;2023-05-26 00:00:00;832
eRiKmKO0Z3c;2023-05-29 00:00:00;833
3C7cSfQDvYY;2023-06-02 00:00:00;834
d9_2aa6b67Y;2023-06-07 00:00:00;835
i56A_VjJlbQ;2023-06-14 00:00:00;836
iiSAkpeSOQ8;2023-06-16 00:00:00;837
ds3DCnEmy24;2023-06-26 00:00:00;838
5lWbIFSUSUc;2023-06-27 00:00:00;839
sQDQiJSc_-Q;2023-06-28 00:00:00;840
6B_2Gxn9BU0;2023-07-06 00:00:00;841
sXonvL1eIh4;2023-07-10 00:00:00;842
k89VNm10Eok;2023-07-19 00:00:00;843
DazQttb0aDg;2023-07-27 00:00:00;844
iJ2J8T8vT24;2023-08-15 00:00:00;845
260G9K25MDk;2023-07-31 00:00:00;845
rf2kDIZiBDU;2023-08-03 00:00:00;846
sfs0BpgE6Dg;2023-08-07 00:00:00;847
gmpIfoqSk9E;2023-08-11 00:00:00;848
EjB5BuDd6-g;2023-08-14 00:00:00;849
01-l0wYgc3o;2023-08-16 00:00:00;850
oToWuuTKXFM;2023-08-16 00:00:00;851
Z7EHJwc03EI;2023-08-24 00:00:00;852
4rdSnAGGDX4;2023-09-04 00:00:00;853
LiMFgtuk6ts;2023-09-02 00:00:00;853
tLP-F00IJg4;2023-09-06 00:00:00;854
xzAeFfpq3ZU;2023-09-15 00:00:00;855
CeAmPVA6EhU;2023-09-15 00:00:00;855
4QOfrfJQzbA;2023-09-15 00:00:00;855
rfOOA5tpuH8;2023-09-21 00:00:00;855
G0bfTTMKIXE;2023-09-20 00:00:00;855
KdakflCMMLY;2023-09-28 00:00:00;856
R61-iSrHhhM;2023-10-07 00:00:00;857
NC0BOcNjHdo;2023-10-09 00:00:00;858
PcLKKAXfqMc;2023-10-09 00:00:00;859
vLG9bv6qlFE;2023-10-10 00:00:00;860
FbppBbzPzK0;2023-10-11 00:00:00;861
lZI6ky1F-wc;2023-10-13 00:00:00;862
Aesj4V1BzO8;2023-10-17 00:00:00;863
JUxIRs4cCdQ;2023-10-17 00:00:00;864
9rn9SlUfxjQ;2023-10-20 00:00:00;865
ckU57Ju5ZEw;2023-10-20 00:00:00;865
WJJdRwK9WQs;2023-10-20 00:00:00;865
N2gX8dKdP_4;2023-10-30 00:00:00;866
Fd5q-BuljQg;2023-11-07 00:00:00;868
KXV2Ww12tlI;2023-11-06 00:00:00;868
N1yDwscUisA;2023-11-07 00:00:00;869
Cev0r060-o8;2023-11-08 00:00:00;870
g2zhAIMFNpI;2023-11-14 00:00:00;871
hQIThZuZFTI;2023-11-15 00:00:00;872
N3NX4yGPLVA;2023-11-20 00:00:00;873
Z1N5OZtEsT4;2023-11-23 00:00:00;874
auvhpugDco4;2023-11-28 00:00:00;875
5wbJM0ko4g0;2023-11-29 00:00:00;876
TJuJZsJtTsg;2023-11-29 00:00:00;877
yJ2vd_jtT6w;2023-12-01 00:00:00;878
97frjRXi7pM;2023-12-06 00:00:00;879
OWFwLpePQk8;2023-12-06 00:00:00;880
cnHm9tCSZJ8;2023-12-07 00:00:00;881
R73FjN2yNu4;2023-12-07 00:00:00;882
dD2F6_Oj2Xw;2023-12-18 00:00:00;883
PunsWlQqyww;2023-12-21 00:00:00;884
kVqC4bJQVTo;2024-06-20 16:29:04;885
iOt4EEhNHyM;2024-06-20 13:08:10;885
zDqZ1pWRdUU;2024-06-30 15:05:36;885
p_r5SsPQUMc;2024-06-20 14:42:49;885
kc57jdfcCxY;2024-06-20 18:03:09;885
SFjcBqcwHKU;2024-06-20 13:15:02;885
s0fRKskjm9s;2024-06-20 22:42:41;885
u3YmOd0Kl4w;2024-06-20 18:10:07;885
a2hPtPmqGDM;2024-06-24 20:59:29;885
p9_fcz8VhDM;2024-06-20 14:38:31;885
44IyJ1rJP40;2024-06-20 12:36:48;885
o32aNcAkWNI;2024-06-22 20:08:30;885
YujKN5tl_98;2024-06-20 14:44:41;885
Cf6ffmzhTdk;2024-06-21 11:33:33;885
wnMw5gpi9YM;2024-06-21 14:08:14;885
NwMvfE0SwfQ;2024-06-20 22:22:22;885
0ZKrUodfchY;2024-06-21 04:34:09;885
7H4r5nKuCKg;2024-06-20 21:15:00;885
omvLrDsCCUk;2024-06-21 11:53:49;885
UxiWz6wnxwg;2024-06-20 13:47:16;885
k9HWWLDdQSI;2024-06-20 14:46:44;885
ezJzgivsFOE;2024-06-21 02:12:46;885
FSkLCZMWmtg;2024-06-20 21:23:41;885
dgnEH5JglZc;2024-06-20 16:30:22;885
o2eA7k4AnC4;2024-06-20 23:58:11;885
I8I4G1Ul5_o;2024-06-21 12:43:40;885
fJWRa125RIE;2024-06-28 14:05:31;885
yqsaRaVIKLQ;2024-06-21 16:29:15;885
tUZdzEIIiRU;2024-06-21 00:23:42;885
NM4ZzK83Jh8;2024-06-21 02:46:24;885
KamvjoNHsMs;2024-06-23 10:58:59;885
cBqqmuxqsEE;2024-06-21 12:23:37;885
dPhgJEjWW70;2024-06-20 19:49:26;885
S-hMt9obIlA;2024-06-20 13:32:26;885
m8O34iahLXQ;2024-06-28 21:28:44;885
r5uBNIK3ZLs;2024-06-20 13:25:07;885
D3XEz6dAlm0;2024-06-21 17:14:50;885
SoooLKGbXWo;2024-06-20 10:00:32;886
SvYkpz8MZKA;2024-06-12 12:52:58;886
f3c40oNmE40;2024-06-13 00:43:19;886
BKTeKFMA2QI;2024-06-12 19:36:02;886
L6ALKUMPvVs;2024-06-12 20:44:13;886
k57OLIsWZGI;2024-06-12 19:30:04;886
L2HM1-ZtOdA;2024-06-11 20:00:06;886
ax5pufwsmzc;2024-06-13 02:12:08;886
rec8pifJ89k;2024-06-10 01:03:26;886
RgYhRj4FFzY;2024-06-13 22:31:38;886
IF7ViDbpAi0;2024-06-12 18:02:21;886
z8u4Afmux5M;2024-06-11 23:29:33;886
hD1KcNu_lAQ;2024-06-12 11:19:34;886
8x82EOxlocU;2024-06-12 22:33:01;886
jVRHUpMvVA4;2024-06-12 00:23:52;886
jkaoXVp3q7I;2024-06-19 15:21:55;886
r22We5PE_vc;2024-06-12 23:35:03;886
-GdsadDFe1c;2024-06-03 12:00:00;886
OH5u_C8oeDM;2024-07-03 14:22:41;886
uc_LmYenuvo;2024-06-13 17:45:05;886
Z529XzsXkKE;2024-06-15 00:53:49;886
mFn9HfMyk_Y;2024-06-13 21:07:51;886
b1o_mJHm0ck;2024-06-11 20:26:21;886
LPRpyRJXKwY;2024-06-12 01:11:30;886
hGlAK19dGQ0;2024-06-12 21:54:30;886
_Cit10ghiow;2024-06-11 22:30:22;886
3rz-cdieiyI;2024-06-11 21:49:19;886
wfpE8CzwgBk;2024-06-13 12:24:26;886
iz_9p2ByqR8;2024-06-11 15:30:02;886
dKhBl5sgNVo;2024-06-12 17:30:05;886
CLIxt4MqBdM;2024-06-12 11:29:43;886
5SbXbF8Yeeg;2024-12-05 19:27:13;887
pAVOOSwnIzo;2024-11-22 16:39:35;887
OnrMm76s1qc;2024-11-19 22:20:17;887
I9kXj4ilAnk;2024-11-19 21:05:16;887
OjNVnDMkriI;2024-11-19 20:35:29;887
0VC8tS1ZgVI;2024-11-20 11:16:29;887
gkRWgWVRxyg;2024-11-22 16:30:59;887
4R6pBJ8N1yU;2024-11-19 14:57:25;887
sTvDN21fmvI;2024-11-24 00:10:22;887
gRIqNAc1Gxs;2024-11-21 17:41:11;887
pW4aUg-e2rQ;2024-11-20 11:15:19;887
t87fUgQ73a8;2024-11-19 22:34:05;887
oWL1q1yDmNM;2024-11-19 15:26:21;887
4_W917GoCAg;2024-11-24 14:10:33;887
ZcwuhT3EE2w;2024-11-19 15:12:12;887
sgsWwHG4b6o;2024-11-20 12:59:24;887
lnyZ3w9aCyA;2024-11-19 20:23:24;887
kkUkb3mIZfM;2024-11-19 14:11:59;887
g81_H6zaL7Q;2024-11-20 06:02:27;887
rj4rfGcfuqQ;2024-11-19 22:21:05;887
sGlkF9jm7A4;2024-12-18 23:44:37;887
Ej4t-sJ_pqs;2024-11-20 15:29:07;887
ZEGkAqx8wPs;2024-11-19 22:31:35;887
mE8Um3ZLILQ;2024-11-20 17:07:29;887
PTmAEzXPWYY;2024-11-20 21:22:40;887
fCe2GN08zaw;2024-11-19 21:53:46;887
nrLNGuo39UQ;2024-11-20 16:15:02;887
Z-puj4QAuRY;2024-11-20 01:52:11;887
Tuh4F4KG_70;2024-10-10 04:30:22;888
dxtTWta9F80;2024-10-10 13:17:02;888
jNX20ugAS6o;2024-09-27 00:55:28;888
Mkjf9OTPx-o;2024-09-26 20:40:04;888
EikMtvXXhrc;2024-09-04 20:00:10;888
XTnarePxjYM;2024-09-24 22:20:00;888
Chj92JVbylY;2024-11-18 22:40:48;888
7FsEZluJgJk;2024-11-21 20:22:33;888
oV9nF13x0Qs;2024-09-05 11:04:44;888
59_vQ2GKWgk;2024-09-05 17:48:56;888
xgX3R3GIY0w;2024-10-11 19:15:31;888
M8zxK9ctqoc;2024-09-04 17:33:24;888
Drmuqb64EtQ;2024-09-24 21:28:04;888
SRQeMnJTxmE;2024-09-05 16:10:47;888
aJpfFScQfNs;2024-09-24 23:37:46;888
bFzLfBVT0cg;2024-10-10 03:02:51;888
aueTUz6Fn5Y;2024-09-24 23:20:15;888
fpK4eodONfQ;2024-09-24 00:48:23;888
-E8hZ7qOBfY;2024-09-24 00:26:12;888
v3iGTA7GezI;2024-09-26 07:19:14;888
wJIhhyqvRhU;2024-09-24 23:56:54;888
U7Ky4qKOpTk;2024-09-25 20:31:09;888
8dvK7cygOYA;2024-09-24 16:46:48;888
YqQmQDHGddo;2024-09-06 14:00:06;888
SSePAGvb7hA;2024-02-19 21:33:00;889
yQWwbAGPwv0;2024-03-09 20:52:51;889
-0sVMIQIZ8M;2024-03-07 22:00:01;889
Gn4aYrKE0Js;2024-03-01 18:09:42;889
woPMIqpMBN8;2024-02-29 00:33:04;889
kHfc5ekQrYc;2024-03-13 01:35:09;889
kOGB5gGJLRA;2024-03-01 16:07:15;889
4BdrxJ3RzSg;2024-03-11 18:18:24;889
eKOP5IMqLdU;2024-04-02 20:15:07;889
FPW0WyvFHSg;2024-03-08 19:35:01;889
5cx1_v2iwUg;2024-02-21 13:43:05;889
RrOma09qqAM;2024-02-14 20:02:28;889
gWy-Etyof1Y;2024-02-29 20:32:46;889
idbohm8RpDs;2024-03-04 19:51:18;889
INMra_mXcYk;2024-03-02 00:37:11;889
jpU3aEA2Tls;2024-03-04 01:21:09;889
reWn2Rd0tlM;2024-03-11 20:22:59;889
jNvv_k9gdAQ;2024-02-19 22:25:57;889
SlCnL1uYC0A;2024-03-11 15:54:22;889
XV6tzAXl27A;2024-03-13 01:08:23;889
7m-53xXQ68U;2024-03-11 23:28:49;889
XaWlcoYInoY;2024-03-04 11:55:48;889
JXi8Fpj7KTk;2024-03-09 20:50:06;889
JboHq_B_Emw;2024-02-25 01:20:08;889
g1pArDweYQ4;2024-03-10 18:30:17;889
LsnH2iFwGsQ;2024-03-10 15:14:06;889
Mjmxwa1WwgQ;2024-02-28 23:28:56;889
vGic7lq8Ics;2024-03-08 22:25:41;889
YNKAyC5cafQ;2024-03-08 23:15:51;889
adUzSjw3JwE;2024-02-21 00:35:16;889
A8hERtZ7QrE;2024-03-14 11:21:52;889
U-mq92SGm60;2024-02-29 12:33:53;889
WLpxjB1OiEA;2024-03-02 15:07:45;889
b39meCQBFTc;2024-02-12 23:57:16;889
wa86xWE_6EU;2024-02-28 20:54:57;889
OjUY-205Jk8;2024-02-21 00:38:02;889
G1HhtNjWFYM;2024-02-28 23:06:35;889
7ypTh6vkGS4;2024-02-23 17:04:01;889
PpK_l55wEfg;2024-02-16 19:57:14;889
44H49wp695c;2024-02-16 11:36:57;889
f7R69ziunH8;2024-02-20 19:45:02;889
k1XHQC4pDWc;2024-02-15 14:30:24;889
U-LRaxmRyBo;2024-03-10 21:15:10;889
oDXMGK7gsRQ;2024-02-13 21:00:31;889
4IFzr3r6vX0;2024-02-16 21:09:07;889
NcgxcE4xO8s;2024-03-08 12:19:15;889
YLPA_gJ8PAE;2024-02-14 12:28:16;889
GieKuLONlRU;2024-03-25 22:06:19;889
vBqcnudE4Oo;2024-02-16 12:53:30;889
O2ZJRJL7KG8;2024-03-29 19:36:18;889
TXWmJ9Sy8CU;2024-03-31 12:50:47;889
ofG8Gy17LH8;2024-03-28 23:22:55;889
4eynqkjPzDI;2024-03-27 12:58:35;889
R5gcDr26Teg;2024-03-27 17:42:35;889
94aqkawbEwo;2024-03-27 12:12:39;889
hwStQxFlYXE;2024-03-17 22:03:28;889
Pkq8Eh1jcKo;2024-03-14 22:17:27;889
3DjdxFBPaj8;2024-04-02 11:05:05;889
eIRTVYitaLE;2024-03-13 23:32:33;889
tTUCPGngiKY;2024-04-03 16:43:21;889
-3CwKTzXrDo;2024-04-02 10:34:05;889
tf1dWc5u94E;2024-04-08 17:47:09;889
D0lbK3TihKI;2024-04-20 01:00:06;889
smd-Ewi7FMA;2024-04-16 23:10:59;889
9ZI8GdTbUrY;2024-04-20 20:00:21;889
rKLp54PIubA;2024-04-22 12:00:07;889
lwNoAofX96M;2024-06-05 23:57:51;889
9ApLCpwBwks;2024-07-05 13:48:15;889
HWXtNUdiNWs;2024-07-02 17:00:16;889
JTxkb4Yxqq0;2024-03-09 14:00:24;889
k218X5x7oLI;2024-04-21 20:56:44;889
fdpaN74srvQ;2024-04-02 16:24:53;889
GOsepfOPZqw;2024-03-19 01:20:17;889
slYIzSLs6NE;2024-04-02 14:25:07;889
c4QEe8FuzLo;2024-03-26 20:09:58;889
NGiEhpYSqSo;2024-02-08 18:52:03;889
bX7JDGGmFE0;2024-03-31 03:28:36;889
wzUxh8tuM3g;2024-04-07 19:58:43;889
CroPMlY9DPQ;2024-04-01 23:29:43;889
zTRgADiKIiA;2024-03-20 16:24:29;889
KuDiGZUpzLM;2024-04-03 17:42:38;889
jWnMnPzQiJA;2024-04-02 21:39:51;889
JKduzfLnaHU;2024-04-02 17:08:12;889
rAdr7GZvdZg;2024-03-19 20:12:31;889
--aWHYqVCxg;2024-03-13 13:04:59;889
VLSIMr_EzXM;2024-03-30 21:01:39;889
ccqhmsze0WQ;2024-04-04 13:00:43;889
GiawDyhtcS8;2024-04-02 23:09:59;889
_nOE_BzM2cs;2024-03-25 17:30:07;889
sW90LWdCa_0;2024-03-17 15:15:02;889
d8s5TfBg_sk;2024-04-02 22:17:53;889
Ny0AXEmZGpc;2024-03-16 22:00:20;889
RN8NYuiaIyY;2024-04-01 12:02:52;889
OGA_8RoXjsw;2024-04-02 17:57:13;889
zMqwvcq0EzQ;2024-03-15 01:39:17;889
NLOnxs0mHH4;2024-03-27 01:07:25;889
Z0i8Va_NAxc;2024-04-02 18:06:54;889
STPMJoePfW8;2024-04-05 22:17:05;889
XVRemyAA1HM;2024-03-14 21:59:06;890
8ez96W7mHzY;2024-03-14 22:00:03;890
ywEYAz7PrVY;2024-03-08 14:46:19;890
luoJU52G5Bc;2024-03-14 21:05:31;890
_P-nxQv1LjA;2024-03-08 18:24:17;890
NBrDVzlnjwg;2024-03-14 19:44:56;890
JToVws_ZD-k;2024-03-29 23:49:14;890
cIMSUtTGEz0;2024-03-14 16:54:39;890
uI-eYc-MVso;2024-03-14 16:08:33;890
JxqHtkJhdg8;2024-03-04 19:06:23;890
8iposLniv7k;2024-03-22 13:29:06;890
Kk2e-0JosIo;2024-03-10 01:34:35;890
S4LP6zldSiI;2024-04-02 20:31:28;890
WcbYgk-q4wM;2024-03-14 19:46:14;890
9J7c85jbBqE;2024-03-08 18:02:08;890
n8wQKl4WMZw;2024-03-15 09:44:41;890
F492bRzY4yE;2024-04-02 21:15:59;890
YkAOeTCdXrY;2024-03-07 23:58:53;890
ggl1ErWhdJk;2024-03-19 12:09:07;890
K5ihRldWxH8;2024-03-16 21:30:02;890
LWdQOK6Syko;2024-03-13 15:25:17;890
DzBaI5j5KqM;2024-03-14 23:13:28;890
5MvsqEG_KYk;2024-03-14 18:58:19;890
8jIXYU_pelg;2024-03-14 23:25:34;890
E3GgffhsmGI;2024-03-01 22:37:59;890
gbX9KyMcrHY;2024-02-21 02:25:57;890
LPJwsQpyMKs;2024-03-08 23:03:48;890
Z7Rw7vXec-Q;2024-03-17 13:34:00;890
YPpA22MXsVg;2024-03-05 03:31:27;890
FcbU5LdMf7k;2024-03-16 18:00:14;890
T1MFJpzte_A;2024-03-11 15:03:20;890
DRSWlWiZcwU;2024-03-13 17:00:41;890
q22th2sgqlw;2024-03-04 15:17:03;890
w0Zkyfjw-nI;2024-03-13 01:54:16;890
Og0cHKyFmBk;2024-03-14 15:00:19;890
r1BzEYdpKCU;2024-03-20 15:50:34;890
tUYCXZMkd3g;2024-03-28 00:53:37;890
DZGWZvg9jCk;2024-03-07 22:06:54;890
1UHNw3ZHh8U;2024-03-04 23:22:37;890
OqM8MnZI8Ng;2024-03-05 17:46:12;890
Khl1o_pWoZo;2024-03-19 18:16:42;890
vbVdZJt1jSg;2024-03-05 20:00:21;890
fiRoZUVYhg0;2024-03-23 00:52:46;890
Sg1X0H3iuOM;2024-03-31 01:31:36;890
_SvrF7KnIPo;2024-03-09 13:07:30;890
x8eTgeUWwvY;2024-03-04 09:05:28;890
1YnP0yJVvQQ;2024-03-15 12:02:44;890
fAoFuZwk2Ig;2024-03-08 21:07:32;890
02DKzo4OxwQ;2024-03-08 21:48:28;890
W9ZDC_Ihdiw;2024-03-14 19:58:22;890
gQt_2GTOk3k;2024-03-07 02:00:06;890
Qk8G2D7ETAM;2024-03-13 13:08:59;890
OZn3DQwhpKM;2024-04-01 23:00:06;890
tpEJGrgxR7k;2024-03-23 21:29:04;890
cAVGswos2pU;2024-02-19 21:18:25;890
wzmYWAtOalI;2024-03-20 14:16:48;890
g74G04POeNE;2024-03-14 20:42:23;890
TFDN8eYmESI;2024-03-11 23:26:45;890
EFCJAs0ITjQ;2024-03-13 23:45:35;890
-_pdX6SHqUU;2024-03-14 00:47:24;890
9DHk-PHl7rU;2024-03-06 18:31:13;890
7LkWjvpgoRE;2024-03-29 00:07:13;890
MTo69j32EQo;2024-03-20 19:24:21;890
CXAvdZVIbmI;2024-03-14 10:50:10;890
gfwC8kZzbQ0;2024-03-28 17:51:22;890
oWoHdeQaHbQ;2024-03-18 15:00:43;890
-uqhr9iH3c4;2024-03-26 02:00:42;890
rsHb0WaBBdE;2024-03-06 13:13:18;890
HPalhEBdnMg;2024-03-13 18:39:24;890
CujMno53LEs;2024-03-27 20:02:51;890
sToOc9nuzhk;2024-03-07 20:57:59;890
5xZD_EzqJv0;2024-03-15 19:22:12;890
lmXRJN5VhIA;2024-04-02 20:36:28;890
Hjkrt1BMo6Q;2024-03-08 14:06:04;890
9MyzQ80kDh8;2024-03-14 18:35:12;890
eakk_2WlUIA;2024-03-14 11:32:58;890
ceQyBIfJpew;2024-03-11 22:18:07;890
2JWQg9vDDjQ;2024-03-13 20:01:58;890
PS6Hv9Ii1W0;2024-04-01 22:21:49;890
n_0wQVSACYs;2024-03-07 23:50:41;890
SLKKFha0sCQ;2024-03-23 18:26:42;890
_4bB3UzUhxw;2024-03-05 18:24:50;890
KcVEvBSg1h4;2024-03-12 15:20:49;890
43gjOkJjSEM;2024-03-05 14:57:22;890
clsLVn236TE;2024-03-06 22:21:20;890
oqvcqAfeyXg;2024-04-01 18:44:53;890
4ZVoWH5YOY0;2024-03-07 19:36:29;890
930lp7BkOrs;2024-03-19 16:49:11;890
ZRXezIQLV68;2024-03-30 13:58:13;890
MBYwkXIX_o0;2024-03-07 22:11:59;890
lh4QSpfjnu8;2024-03-04 02:05:13;890
rkX2GFW5ISg;2024-03-08 03:00:52;890
qs5gQaXDW40;2024-03-26 16:15:27;890
TDVoHGz0T2A;2024-03-08 22:44:28;890
bTckOnFL9V0;2024-04-01 14:03:32;890
nSC1OAO6Dec;2024-03-29 14:00:15;890
XYEODVfnoho;2024-03-04 18:29:50;890
YfkWtEam9Ps;2024-03-26 23:47:39;890
fkavv7pFdKg;2024-03-19 14:52:39;890
mS3ZHF_dTHE;2024-03-04 20:45:01;890
ySLP30183uU;2024-03-27 16:29:52;890
Iyb2CRYM3rg;2024-03-26 13:49:57;890
4BHocqhi0_o;2024-03-19 12:34:00;890
kE0uDoEHFzk;2024-03-13 12:46:00;890
EpwJQ2mR6UQ;2024-03-07 17:00:59;890
qZJjH3HrPt0;2024-04-02 18:15:29;890
OcbE4c0ySnw;2024-03-10 15:14:05;890
977dhCPh3eE;2024-03-15 19:27:44;890
EzSUfgs6Pfo;2024-03-28 13:00:09;890
4P5gcuFWj9U;2024-03-07 17:13:40;890
WjKOSK3ksz8;2024-03-11 19:44:09;890
NW5gqeYSKgE;2024-02-25 16:56:30;890
GR1EMFq9qq0;2024-04-02 22:23:30;890
i4hKUbMswDA;2024-02-14 16:15:49;890
oE_Vonfk5qU;2024-02-17 01:03:17;890
z0tjdeYLvmE;2024-02-14 16:42:24;890
JrdLiZLxE4o;2024-02-16 18:37:23;890
--tHw5xnb4k;2024-02-15 02:26:53;890
FpA4KUvmNVU;2024-02-14 17:48:00;890
2x1CSjVtkhA;2024-02-14 15:34:37;890
e2c_s3Ms-oI;2024-02-17 21:35:31;890
2RwkSDjDHW4;2024-02-22 03:35:28;890
N-2XCjGLGTQ;2024-02-14 20:49:34;890
uw2ilFjuVCo;2024-02-15 15:22:09;890
a4GIuRe_DZU;2024-02-19 10:18:10;890
cG1W2LleOZ4;2024-02-22 23:22:43;890
bwHRdo8TLSQ;2024-02-20 20:00:13;890
dB8A7vPtjOE;2024-02-26 00:25:48;890
_0XDn97xgxg;2024-02-18 15:02:19;890
yvFP3NvaleQ;2024-02-14 16:39:12;890
K9jKKFBKsds;2024-02-17 22:17:12;890
2EiQ5S6k27Q;2024-02-15 11:10:00;890
sQu8G1arWDo;2024-02-17 20:18:10;890
8e9W8W9c4Wk;2024-03-22 16:34:00;890
G0TGLo4aQBQ;2024-02-26 23:47:47;890
Wcdr9MfpYLU;2024-02-16 15:08:23;890
DZA44U9tb44;2024-02-28 18:51:30;890
oVZ7a9MK8Gc;2024-02-15 15:58:54;890
0bv1Y39fvCg;2024-02-29 14:53:28;890
J8p0-K_GMGI;2024-02-19 11:32:50;890
Y5-qUOFh5Nc;2024-02-15 00:00:22;890
eXcT8uae6-A;2024-02-16 20:40:51;890
egwLPKVXP4U;2024-02-16 16:04:03;890
uhl1TXs_Z9E;2024-02-16 15:31:48;890
NO_M6L-NX3o;2024-02-18 12:06:31;890
cqjrhvVy9w0;2024-02-27 21:02:02;890
5krWnj7JafM;2024-02-17 00:44:49;890
3I6GVToc5gM;2024-02-15 20:40:59;890
LlKFws9XpYQ;2024-02-27 23:04:33;890
t6EeUaCTAO4;2024-02-20 15:00:08;890
8iUW0WXq6L0;2024-02-18 21:00:09;890
UTPSTf3zke0;2024-02-29 23:08:37;890
CfIQdUs5cS4;2024-02-22 12:00:10;890
XN6G70ziwY0;2024-02-26 18:24:40;890
Uiwftd0jPhA;2024-02-21 16:54:15;890
WYUz3atAkg4;2024-02-25 00:21:32;890
JDwlqnDb8mg;2024-02-19 20:00:12;890
ohC2j14_Jbk;2024-02-18 13:09:09;890
NpoLIXwygBE;2024-02-23 21:32:56;890
boS6WjxdoIM;2024-02-26 18:42:05;890
dndoG6fXfv8;2024-02-16 03:47:41;890
p9fmsVNgYYs;2024-03-01 23:49:22;890
DYp4zJV4xBA;2024-02-17 17:38:27;890
QMc5QfyacHU;2024-02-16 22:34:51;890
L8BHivFQ-cU;2024-02-15 19:02:51;890
jdnVclCMY28;2024-02-23 17:08:32;890
txFrKoVuLXU;2024-02-28 14:34:40;890
CWBBf-y7wW8;2024-02-16 20:00:10;890
Mv8rqAbAHko;2024-02-15 15:23:14;890
dTqRZd5pgZA;2024-02-24 21:19:26;890
wvH7WZ-tCjg;2024-03-01 23:33:47;890
qqKMattq_o0;2024-02-26 22:22:36;890
YgInwMIZ2Dg;2024-02-22 16:37:38;890
bgDlPZl8qkM;2024-02-19 16:35:25;890
8hBCjC2BHgM;2024-02-23 15:21:43;890
sw_CrlToQtE;2024-02-28 16:55:03;890
wZPugRmbHU4;2024-02-19 20:22:00;890
H7hl9ZsC9Nk;2024-02-22 15:30:04;890
snJo7OaTkBI;2024-02-15 20:20:27;890
p5ii4S2agdQ;2024-02-15 15:55:53;890
RSJQFVa96ok;2024-03-01 03:35:20;890
pMbGhypWjV0;2024-03-01 22:17:20;890
z-0w9oRKEqc;2024-02-15 20:22:07;890
aMDfxgU3L4A;2024-02-20 17:00:01;890
-7Gh9ec_Ws8;2024-02-18 20:32:30;890
Oh-09mrYuG0;2024-02-28 16:43:37;890
X9qHwS28DY4;2024-02-29 22:05:52;890
joh9GsxXh1Q;2024-02-29 09:39:29;890
e2eANXnQX4c;2024-02-22 21:00:19;890
DD16PJvwVZ8;2024-02-20 13:31:10;890
oX8RRIJiytk;2024-02-20 18:35:55;890
arKmwxJMQXs;2024-02-15 18:30:02;890
czfHiQcpZ7s;2024-03-13 02:23:54;890
dg6U6P4BWJc;2024-02-16 16:26:53;890
k6-DNGePD9c;2024-02-23 10:15:40;890
1hav9Lgd10M;2024-02-20 12:49:08;890
7rmVUekgogg;2024-02-18 16:03:59;890
4ziFRoH_C0o;2024-02-15 22:00:02;890
XqEgok3Mc_I;2024-02-14 17:54:25;890
1nwOYSQbOCU;2024-02-19 21:00:02;890
K2L-IH3QdAY;2024-02-15 22:34:38;890
FqN3NCi5R-s;2024-02-18 18:41:50;890
Vo4qgXDFDxs;2024-02-18 20:05:08;890
3lLQHeRcKPI;2024-02-19 19:20:45;890
Mol-nsPOgMA;2024-02-28 17:36:57;890
TnY6mpGRLfs;2024-02-21 21:32:52;890
oVPl5mTQgXw;2024-02-15 22:52:59;890
zoYDEGNckkw;2024-02-21 18:34:05;890
3fouVyDq5dE;2024-02-16 13:02:26;890
HbmGi0pgB90;2024-02-19 13:56:20;890
5yje5FuUefA;2024-02-20 00:42:53;890
9gunbhZvXQ0;2024-02-15 23:58:38;890
nEg24JXWhDo;2024-02-14 23:28:17;890
ovGT5qlq7F8;2024-02-23 21:37:43;890
MuOl_z7F46M;2024-02-17 03:15:56;890
5Zn9eQLt5s8;2024-02-16 01:33:16;890
oLKOjqCE8Wc;2024-02-18 14:01:30;890
dBVYX8s4fg8;2024-02-16 16:19:26;890
uZNusi5UncI;2024-02-22 14:27:47;890
ZmrCFGwkkr4;2024-02-19 21:00:25;890
11BBPWSxpEo;2024-02-19 12:02:13;890
kKkFOrhrLWI;2024-02-09 20:30:03;891
D2IQyk2h3II;2024-02-14 15:06:15;891
eXXZYIdjH-4;2024-02-09 00:00:22;891
teI36G2pHdM;2024-02-23 00:11:04;891
XdcmXmnhg78;2024-02-12 19:28:35;891
s0IFG9qaOVA;2024-02-09 13:05:27;891
3ty_XCTwLEs;2024-02-08 18:40:47;891
G7Aws0mgMOo;2024-02-10 00:10:00;891
silDr_tfNaA;2024-02-20 17:32:14;891
s-BIKmSt09o;2024-02-09 00:26:47;891
mFvfwJZy_VE;2024-02-09 00:16:04;891
jboFc2_ht7k;2024-02-08 18:26:17;891
R3mgJLzivQ8;2024-02-09 00:51:16;891
tSxRzSuoqw8;2024-02-09 00:45:02;891
F7UmuFA5Q4A;2024-02-14 00:43:41;891
hz1tZYDH9uE;2024-02-15 21:15:12;891
IoLcJNaDBuA;2024-02-09 00:38:04;891
-pW3n5Sm42U;2024-02-14 20:44:20;891
tCEh-oiQhxA;2024-02-16 00:29:16;891
UEK9K0Sk5c0;2024-02-13 00:31:37;891
td0GC10BMgg;2024-04-19 19:28:29;891
yAfR4k_elCk;2024-04-22 17:00:06;891
U4E_9PJ3UoQ;2024-04-19 20:40:35;891
1pzGHz72lFM;2024-04-19 19:54:11;891
EGztZPMRtSY;2024-02-13 00:45:27;891
GhuH2gwwX8A;2024-02-08 14:33:47;891